,CUSTOMER_NAME,CUSTOMER_ADDRESS,CUSTOMER_CITY,CUSTOMER_STATE,CUSTOMER_ZIP,CUSTOMER_PHONE,CUSTOMER_FAX
0,Big Apple,2916 Jefferson davis Hwy,Richmond,VA,23234,202-907-0000,None
1,Han Ah Reum Market,None,None,GA,None,678-543-0003,678-543-0003
2,"Minari Farm, LLc",10660 Grande Blvd,West Paim Beach,FL,33412,561-307-0033,561-775-5724
3,Shilla Bakery (공장),None,Lorton,VA,22079,703-655-9792,703-339-8227
4,"D.Y. Import  CO, INC",7194 Oarland Mills RD  Suite # 6&7,Columbia,MD,21046,410-381-0070,410-381-0006
5,LA Mart #3 Springfield,6711 BRANTON  ST SPRINGFIELD .,Springfield,VA,22150,703-644-0072,703-644-2440
6,Eagle Food,4836 Winslae Dr,Roancke,VA,24012,540-761-8222,540-355-0074
7,Paris Bakery,None,None,VA,None,703-914-0088,None
8,Yechon,4121 Hummer  Rd,Annandale,VA,22003,703-914-4646,703-622-8750
9,LA Mart #1 Silver Spring,640 University Blvd East,Silver Spring,MD,20901,301-439-0110,301-439-0111
10,Myung-Ga Kim Bap,9643 Lee Hwy,Fairfax,VA,22030,703-934-0112,703-989-5110
11,Burke Garden,9528 Burke Rd,Burke,VA,22015,703-916-7600,None
12,포도원 교회,6804 Braddock RD,Annandlae,VA,22003,571-340-0140,571-340-0142
13,Urban Service Systems Corporation,212 Van Buren Street NW,Washiington,DC,20012,202-543-2000,202-547-0159
14,Fresh Food INC,1315 EAST  GUDE  DRIVE,Rockville,MD,20850,301-545-0177,301-738-1277
15,Mega Total,6229 Little River TNPK #B,Alexandrla,VA,22312,703-256-0231,703-256-0037
16,SuperQmart Woodbridge,16593 River RidgeBlvd,Woodbridge,VA,20120,703-221-0272,703-221-6665
17,Healthy POP,P.O. box 1247,Centreville,VA,20121,571-327-1424,703-278-0302
18,Cor Central Presb Church중앙 장로 교회,8526 Amanda Place,Vienna,VA,22180,703-691-0397,None
19,Korean Bakrey,4217 John Marr Dr,Annandale,VA,22003,703-642-0404,None
20,Dong-A Asian Market,9590 Lee Hwy,Fairfax,VA,22030,703-385-0430,703-385-1408
21,Ju Mak Jib Restaurand,6531-C Little River Thpk,Annandale,VA,22312,703-642-0331,703-944-3449
22,Seoul Game Center,4231 Markham Suite Q,Annandale,VA,22003,703-750-0450,240-381-7992
23,Jumbo Food,Rosecroft Shopping Center 3201 Binkley Road,Timpie Hills,MD,20748,301-505-0505,301-505-0078
24,UPtowner Cafe DC,2400 M Street .N.W,Washington,DC,20037,202-775-0520,202-775-0520
25,Kimchi BBQ Taco .INC,1639 Irvin ST,Vienna,VA,22182,703-750-5478,703-750-5479
26,Well Being Moa,9629 Fairfax Boulevard,Fairfax,VA,22031,709-473-0564,703-246-9870
27,Super  H   Market,10780 Lee Hwy,Fairfax,VA,22030,703-273-0570,None
28,Tanpopo  Ramen House,4316m Markham Street,Annandal,VA,22003,571-501-0680,None
29,EverGreen Mart VB,13276 Warwick Blve,Newport News,VA,23602,757-478-7229,703-999-8943
30,Mr. 나,2531 Royal Ln Suite #402,Dallas,TX,75229,4698670733,None
31,Lotte Plaza Germantown,1306 Wistera  DR,Germantown,MD,20874,301-916-0757,301-916-0757
32,Han Sung Oak Restaurant,6341 Columbia Pike,Falls Church,VA,22041,703-642-0808,571-730-7220
33,King's,6333-D S. King's Hwy,Alexandria,VA,22306,703-768-0845,None
34,Auqwstine,None,None,VA,None,904-270-0859,904-270-0859
35,"S .E.M & Bros, INC",7460 conowingo AVE Unit 35-37,Jesssup,MD,20794,410-779-0877,410-779-0875
36,H & A Supermarket,1535 University Blvd Unit A,Langley Park,MD,20783,301-408-0880,301-408-0881
37,Full Gospel first Church OF Washington,6401 Lincolnia Rd 워싱톤 순복음 제일교회,Alexandria,VA,22312,703-346-7263,703-916-0966
38,GRAND SUPER CENTER MD INC,None,None,MD,None,301-776-1000,None
39,Blue Sand,4231 Markham Street #H,Annandale,VA,22003,703-914-1004,None
40,Family Mart,8775 Cloudleap Ct,Columbia,MD,21045,410-730-1074,410-730-1264
41,Tongnamoo House,9445 Baitimore,Nation al Pike,MD,21042,410-203-1100,410-203-2100
42,Napoleaon Bakery    나폴레옹,4217 Annandale Center Dr,Annandale,VA,22003,703-914-1101,None
43,Song Bird Restaurard,8413-A Old Courthouse Rd,Vienna,VA,22182,703-821-1110,None
44,버지니아 한빛교회,7018 Sydenstricker Rd,Springfield,VA,22152,703-328-1112,None
45,Woo Jin Trading INC,13507 S Normandie AVE,Gardena,CA,90249,310-217-1116,310-217-1104
46,CHUN & ASSOCIATES. LLC,4601-B Pinecrest Office Park DR,Alexandria,VA,22312,703-914-1155,703-914-4664
47,new Grand mart #2,6255 Little Rive Thpk,Alexandria,VA,22312,703-941-1177,703-941-8327
48,"New Son Yeng Produce, LLC",32 Beadel Street,Brooklyn,NY,11222,718-330-1188,718-358-6161
49,Global Garden Restaurant,13813 Foulger Sq,Woodbridge,VA,22192,571-332-1228,None
50,All Nations Trading Inc,4003 Westfax Dr Unit M Chantilly VA 20151-1547,None,VA,None,571-481-1234,None
51,Martin's Quality Eggs,25 Wissler Road,Lititz,PA,17543,717-733-1235,717-738-0244
52,Gang Soo Market,7327 Richmond Hwy,Alexandria,VA,22306,None,None
53,Han Guk Oriental,1807 Broad Rock Blvd,Richmond,VA,23224,804-231-1312,804-263-4491
54,Donald Chin Supply CO,1323 4th Street N.E,Washington,DC,20002,202-546-1315,202-547-4451
55,Fresh Wolrd #2,1070 Elden St,Herndon,VA,20170,None,None
56,Oegadgib Korean Restaurant,7331 Litte River Tnpk,Annandale,VA,22003,703-941-3400,None
57,Gaboja Restaurant,7119 Columbia Pike,Annandale,VA,22003,703-354-1356,None
58,Green Paradise,7825-A Rappahannock Ave,Jessup`,MD,20794,410-799-1399,410-799-1388
59,Sunmax LLc,6621 wilson Ave,Los Angeles,CA,90001,323-839-1442,323-582-5855
60,Assi Palza GA,1291Old Peachtree Road,Suwanee,GA,4,770-813-1500,770-813-5040
61,LA Mart #2 Baltimore,2159 W Patapsco Ave,Balitmore,MD,21230,410-646-1501,410-646-1506
62,버지니아 한인 침례 교회,7200 Ox Rd,Fairfax Station,VA,None,None,None
63,Choi Farm,1800 Picadilly Loop,apt D York Town,VA,23692,757-291-1550,None
64,Centro Market,2930-E Patric Henry DR,Falls Church,VA,22044,571-344-1552,None
65,풍년 식당,7927 Ritchie Highway,Glen Burne,MD,21061,301-922-0334,None
66,FIVEDAYS MARKET INC,7825 Rappahannock Ave,Jessup,MD,20794,443-755-1570`,443-755-1574
67,Gom Ba woo Restaurant,7133-C ColumBia Pike,Annandale,VA,22003,703-642-1577,None
68,ACE Wholesale.Mart,16593 River Ridge Blvd,Woodbridge,VA,22191,703-851-5942,None
69,KOBAWOO INC,1925 W . Chletenham Ave,Elkins Park,PA,19027,215-572-1616,None
70,Tobagi Restaurant,7031-2A Litte Rive Tnpk,Annandale,VA,22003,703-750-1630,None
71,Korea  Plaza INC,131-01 39TH Avenue,Fushing,NY,11354,718-321-1673,718-321-7786
72,New Grand Mart #7 Falls Church,6326 Arlington Blvd,Falls Church,VA,22044,703-533-1700,703-533-1046
73,PACIFIC SHORES PROCUCE,6102 Innovation Way,Carlsbad,CA,92009,760-438-4443,760-438-4449
74,"7 GOODS, INC",73-19 174 street,Fresh Meadow,NY,11366,718-591-1854,347-203-7012
75,Formosa Freesh Connection INC,2431 White Dove LN,Chino Hills,CA,91709,909-997-1888,909-590-5156
76,Sky Food,206 chestnut ave,media,pa,19063,None,None
77,Rodney Brooks #504,3507 West Cary Strcel,Richmond,VA,23221,804-254-1917,804-254-8764
78,Jang Won Banjum Annandale,4210 Johnmarr DR,Ananandle,VA,22003,703-354-1950,None
79,Pioneer Logistics INC,2300 E  hIGGINS rd SUTTE #202,ELK  Grov Village,IL,6007,847-718-1956,847-718-1968
80,Grand Mart Centreville,5900 Centreville Crest Lane,Centreville,VA,20121,703-266-2220,703-266-1969
81,Korean Korner,12207 Veirs Mill   RD,Wheaton,MD,20906,301-933-2000,301-949-0008
82,Shilla Korean Bakery (본점),7039 Little River Tnpk,Annandale,VA,22003,703-333-2001,None
83,COCOS FOOD,46900 CEDAR LAKE PLAZA STE150,sterling,VA,20164,703 433 2003,703-433-2005
84,Sam-Mi Oriental Super,6674 Arlington Blvd,Falls Church,VA,22042,703-532-2066,703-532-2066
85,SULDOGA,7215 Lolumbla Pick,Annandale,VA,22003,703-941-0626,703-785-2070
86,Lim's Oriental Farm,1029 Coursese Landing Rd,Woodstown,NJ,8098,856-299-2071,856-299-7609
87,KOKGYA,42220 Annandale RD,Annandale,VA,22003,703-942-6995,None
88,IL MEE BUFFET,7031-5A Little River Tnpk,Annandale,VA,22003,703-642-2100,None
89,SMILE ONION,9545 GERWIG LANE,COLUMBIA,MD,21046,410-390-2151,410-309-2152
90,supermax enterprise,23550 pebble run place,sterling,va,20166,None,703- 665- 2159
91,JTS Johanson Service,p.o. Box 55003,Fresno,CA,93747,559-458-2200,800-742-2053
92,GWI INTERNATIONAL LLC,9300-B EastHampton Drive,Capitol Heights,MD,20743,301-333-2209,301-333-2155
93,Seoul Soondae,4123-L Markham St,Annandale,VA,22003,703-642-2220,703-642-3077
94,"UNO MARKET , INC",7812 Lee HWY,Falls Church,VA,22042,703-927-2225,None
95,Mirocjo,10194 Baltimore National Parkway,Ellicotcity,MD,21042,410-461-2333,410-461-5604
96,David Farm,350 Mores Street NE,Washington,DC,20002,703-505-2348,None
97,Panaderia  Latina,66251 Little River Turnpike,Alexandria,VA,22312,703 -642-5200,703-642-2368
98,Gool Dae Gee LK INC,10045 Baltimore National Pike STE A20,Ellicott City,MD,21043,410-962-2426,None
99,Dae C Kim CPA,4115 Annandale Rd #207,Annandale,VA,22003,703-333-2926,703-333-2757
100,DC Truck Financail,PO Box 3288,Milwaukee,WI,53201,800-222-4221,800-222-4221
101,Dolce & You,7137 AB Little River Tnpk,Annadale,VA,22003,703-256-1888,703-256-1833
102,New Hop Sing Company,5218 Tlyana CT,Ellicott City,MD,21043,410-292-2593,None
103,Estrn Seafood,407 Morst st NE,Washington,DC,20002,202-543-5600,202-543-2600
104,Fresh World District Heights,6451 Marlboro Pike,District Heights,MD,20747,301-735-2601,301-735-0104
105,Rainbow Food,7326B Little River Tnpk,Annandale,VA,22003,571-594-2613,703.333.2833
106,Shilla Korean Bakery (Centreville),None,Fairfax,VA,22030,703-266-6001,None
107,Myers Supermarket,4790 Green Valley Rd,Vnion Bridge,MD,21791,410-775-2700,410-775-2700
108,Hee Been Asian Bistro,6231 Litte River Tnpk,Annandale,VA,22312,703-941-3737,703-941-2721
109,Bang Ga Nae,6499 Litte River Tnpk,Annandale,VA,22312,703-941-2722,None
110,Ed Southern #523,14101 Midtothian TPK,Midtohian,VA,23113,804-288-2730,804-288-2875
111,Stuart Lipshutz,600 Jefferson Plaza Sutte 202,Rockville,MD,20853,301-279-2200,301-279-7138
112,Chon & Son Orinental Produce,551 Marshall Mill RD,Franklinville,NJ,8322,856-745-6106,856-694-2827
113,Tosokjib,7211 Columbia Pike,Annandale,VA,22003,703-333-2861,None
114,Ron Funkhouser Sales LPT,12 Madera Dr,Maytinsburg  W,Va,25041,304-229-2880,304-229-0542
115,George Brown #509,1601 Willow Lane Drive Suite1,Richmond,VA,23230,804-833-6867,703-288-3193
116,J & P,1305-A 4 Street NE,Washington,DC,20002,202-546-2892,None
117,"Him & kim, pllc",4115 Annandale RD #203,Annandale,VA,22003,703-333-2926,703-333-2757
118,Five Season,19620 NCR 349,O'brien,FL,32071,386-776-2946,869-467-9388
119,J A  H Y E  Farm,28490 Adkins RD,Salisbury,MD,21801,410-896-2999,410-896-2999
120,WOOMI RESTAURAND,2423 CKERSON DR,Wheaton,MD,20902,301-933-0100,703-827-7302
121,Total Quality Logistics,P.O. Box 799,Miklford,CT,45150,800-580-3101,513-965-7630
122,Han Sung Sikpoom Trading CORP,1826 Suydam Street,Ridgewood,NY,11385,718-821-3103,718-821-3104
123,Gagopa Restaurant,14015 LeeJackson Mem Hwy,Chantilly,VA,20151,703-631-3400,None
124,Seoul Trading,6560 Dobbin Rd,Columbia,MD,20145,410-772-3200,410-772-3201
125,Shilla Korean Bakery (Fairfax 50),10940- E Fairfax Blud,Fairfax,VA,22030,703-691-1171,703-691-1173
126,Bon Appetit  Bakery,10155 Baltimore National Pike #106,Ellicott City,MD,21042,410-203-2071,410-203-2072
127,Pooneyon Koren,6901 hechinger Drive,Springfield,VA,22151,703-256-5201,703-256-3211
128,US FOOD SUPPLY,10700 Hanna St,Beltsville,MD,20705,301-595-3235-6,301-595-3744
129,워싱톤 순복음 제일교회,6401 Lincolnia Rd,Alexandria,VA,22312,703-642-3267,None
130,"U.S. Fruit & Veg, INC",P.O. Box 1862,Monterey,CA,93942,831-464-3314,831-464-3315
131,Paradis Produce INC,720C Whittier St,Bronx,NY,10474,718-991-3322,718-991-5888
132,Turning Point,7619 Little River Suite 4300,Annandale,VA,22003,703-354-3328,703-354-3330
133,Eden Marketing Corp,6621 Wilson Ave,Los Angeles,CA,90001,323-582-5858,323-582-5855
134,Lotte Palza Silver Spring,13625-A Georgia Ave,Silver Spring,MD,20906,301-962-3355,301-962-3553
135,Han Gang Korea Cuisine,7243 Litte River Turnpike,Annandale,VA,22003,703-256-7077,202-546-9320
136,Seoul Garden,Little River Tnpk,Annandale,VA,20151,703-750-9411,None
137,"G. Cefalu & Bro, INC",P.O Box 946,Jessup,MD,20794,410-799-3414,410-7992910
138,Byol Nan Restaurant,7118 Columbia Pike,Annandale,VA,22003,703-642-3418,None
139,GL Internaitonal Corp,6989 Gerwig Lane Suit G,CoiumBia,MD,21046,410-290-3426,443-451-8249
140,Law Office. Jae Hyugn Kim.LLC,"6601 Little River, #120",Alexandria,VA,22312,703-256-3434,703-256-3222
141,Vit Goel Tofu & BBQ 빛고을 순두부,4121 Chatelain RD #100,Annandale,VA,22003,703-333-3436,None
142,Korepia Corp,12 maple st,Glenwood Landing,NY,11547,917-576-3444,516-671-5527
143,Q-Rapha,4201 John Marr Dr # 219,Annandale,VA,22003,703-941-3456,703-941-3460
144,Jin Won Enterprise,4820 King Solomon Drive,Annandale,VA,22003,703-503-3494,None
145,Blue Book Services,845 E Geneva Rd,Carol Stream,IL,60188,630-668-3500,None
146,Kimberly's Farm,7460 Conowingo Ave B. Unit97,Jessup,MD,20794,301-312-3552,301-312-3552
147,Pado Sushi Restaurant,4231-E Markham St,Annandale,VA,22003,703-256-3565,None
148,Alled Waste Service #411,300 Ritchoe RD,Capitol Heights,MD,20743,301-336-1000,803-547-3584
149,William Kearngy  #511,901 North Lombardy Street,Richmond,VA,23220,804-213-3620,804-213-3630
150,논산농산물수출물류센터  (주),Chungnam Nonsansi Kwangseok-myun,Chundong,KR,272-12,82-41-733-3635,82-41-736-9890
151,Fresh World VA Beach,2029 Linnhaven Pkwy,Vabeach,VA,23456,757-471-3663,757-471-4623
152,THE LEAF,P.O.Box 1247,Centreville,VA,20120,703-574-3672,703-830-1407
153,A Plus,None,None,GA,None,678-546-3688,678-546-3690
154,Hee Been Asian Bistro,3600 Glebe Road # 106,Arlington,VA,22203,None,703-941-2721
155,Trinity Fruit sales CO,P. O. Box 28905,Fresno,CA,93729,599-433-3785,559-433-3791
156,워싱튼 한마음장로교회,13430 Millwood Dr,Woodbridge,VA,22191,703-491-3797,None
157,JP SEA PLANET,1320 5th Street NE,Washington,DC,20002,703-728-3876,202-547-1618
158,Green Imporis INC,1044 Ret Granite  ter,Oakton,VA,22124,571-278-3907,571-278-3908
159,WASHINGTON FOOD & SUPPLY OF DC INC,1270 4th Street NE,Washington,DC,20002,202-543-9500,None
160,"M K Farms, INC.",115 Foxcraft  Street st,Auguing,FL,32092,904-226-3964,904-447-8137
161,"Won Trading ,INC",3401 52nd Ave,Hyattsvlle,MD,20781,301-454-0505,301-454-0350
162,Asina Imports,939-H Beards Hill Rd,Aberdeen,MD,21001,410-272-4141,410-272-4141
163,"Hana Food Distributors, INC",7925 Parston DR,Forestville,MD,20747,301-516-4262,301-516-4249
164,A R A Restaurant,7137-D Litte RiverTurnpike,Annandale,VA,22003,703-917-2727,703-914-2721
165,Grand Mart #15 Landover,4600 Cooper Lane,Landover Hills,MD,20784,301-364-3180,301-364-3185
166,UP Towner  Fairfax,1328 5th  ST NE,Washington,DC,20002,202-546-3400,None
167,Best Way,3109 graham RD,Falls Church,VA,22042,703-987-4345,703-560-2104
168,E E Mart,8100 Arlington Blvd,Falls Church,VA,22042,703-891-4355,703-891-4366
169,Wash Cash & Carry,1270 4th Street  NE,Washington,DC,20002,202-543-9500,202-543-5789
170,메시야 장로 교회,4313 Markham St,Annandale,VA,22003,703-941-4447,703-941-4448
171,Dae Sung Oriental Grocery,2213 Green Spring Dr,Timomium,MD,21093,410-561-4467,410-766-9125
172,Soo Won Galbi,14012 Lee Hwy,Centrevliie,VA,22003,703-774-4471,703-815-3400
173,GATE WAY POINT LLC,ALEXANDERIA,None,VA,None,703.239.4492,None
174,JD Wholesale,7825 Rappahannock Ave,Jessup,MD,20794,443-755-1570,None
175,Arkansas Glass Container Corp,516 W Johnson,Jonesboro,AK,72040,800-527-4527,870-268-6213
176,Annan Gol Restaurant,4215 Annandale Center Dr,Annandale,VA,22003,703-914-4600,None
177,FOOD MAX,1107 Berryville Ave,Winchester,VA,22601,540-722-4604,540-722-4606
178,Nam & NAM INC,409 Morse Streer NE,Washington,DC,20002,202-544-6660,None
179,Fresh World #3,9540 Liberad Ave,Manassas,VA,20110,703-330-4744,571-719-3490
180,Cafe Gallery,616-23 RD Street,Washington,DC,20052,571-243-4767,None
181,Tae Hwa Won,1381 4-B Braddock RD,Centerville,VA,20121,703-266-4785,None
182,K I Foods,6675 Amberton Drive Suite 16,Eikridge,MD,21075,410-275-4799,410-579-4755
183,JFC International INC,8611Larkin Road,savage,MD,20763,301-604-5000,301-953-0400
184,"Potomac I B, INC","6675 Amberton Dr, Unit 14",Elkridge,MD,21075,410-379-5052,410-379-5054
185,Y2S TRADING INC,16-28 Prince ST,Brooklyn,NY,11201,718-596-5165,718-596-5278
186,Fresh World Springfield,9601 Hechinger Drive,Springfield,VA,22151,571-730-4729,703-462-8381
187,Short Pump  #517,11895 W Broad  Street,Richmond,VA,23294,310-713-5392,None
188,Konny Morric #512,13201 Ritten hoese Drive,Midlothian,VA,23112,804-763-5400,804-263-5410
189,Metlife,"7600 Leesburg Pike West Building, #201",Falls Church,VA,22043,703-821-5410,703-821-5424
190,Sushico,2800 R Dorr Ave,Fairfax,VA,22031,703-413-5477,571-297-6527
191,KHA Wholesale INC,4316 Markham Street,Annandale,VA,22003,703-750-5478,703-750-5479
192,Siroo Rice Cake,4231 markham Street #N,Annandale,VA,22003,703-354-5488,None
193,SuperQmart Germantown,19721 Frederick Rd,Germantown,MD,20876,301-515-5585,301-515-5584
194,gyeung joo sik dang 경주식당,1328 5TH ST NE,Washington,DC,20002,202-546-3400,None
195,Honey Pig Restaurant  꿀돼지 -Centreville,1381-B Braddock RD,Centreville,VA,20121,703-830-5959,None
196,So ' Korean bbq,5728 pickwick rd,centreville,va,20121,571 446 4841,703 955 3513
197,Miso,7410-A Litte River Turnpike,Annandale,VA,22003,703-256-5737,703-256-5738
198,Hwang Bujia 황 부자,13830-11 Lee Hwy,Centrevlle,VA,20120,703-266-5858,None
199,Ga-Rham,5207 Garrett Ave.,Beltsville,MD,20705,301-595-4122,301-595-4120
200,KCSM llc,12032 Devilwood Dr,Potomac,MD,20854,240-620-5976,None
201,Bayside title Group,5602 Balt Nati Pike #312,Cotonsville,MD,21228,410-744-6001,410-744-5220
202,Global Food Gaitherburg,19227 Mills Choice Rd,Gaithersburg,MD,20886,301-977-6005,301-977-6011
203,Tri-Delta Plastics,208 Cougar Ct,Hillsborough,NJ,8844,908-722-6021,908-725-8824
204,"KIT TAE LEE, CPA",Suite 816 Wheation Plaga N. Bldg,Wheaton,MD,20902,301-946-6055,301-949-7949
205,Global Food Woodbridge,13813 Foulger Sq,Woodbridge,VA,22192,703-897-6100,703-897-1282
206,H Mart,1228 Elden St,Herndon,VA,20170,570-346-7330,571-346-7331
207,Home of the World,325 S. Dukeland St,Baltimore,MD,21223,410-947-0868,410-947-0869
208,SK Business INC,15320 Warwick Blvd Num A,Newport News,VA,23608,201-328-6257,None
209,BRIDGEMAN VEGETABLE FARM,3995 Andrews Chapel DR,Rosebord,NC,28382,910-564-6271,910-564-5088
210,Han Ah Reum Market,8103 Lee Hwy,Falls Church,VA,22042,703-573-6300,703-573-4962
211,"Seoul Gool Dae Ge, INC    꿀돼지.00",7220-Columbia Pike,Annandale,VA,22003,703-473-1155,703-473-1155
212,Landover Food,7734 Landover Rd,MD,MD,60785,301-773-6366,301-773-6367
213,워싱턴 버지니아 한인 통합노인연합회,2218 Channing St NE,Washington,DC,20018,202-258-6384,202-269-1234
214,Seohae Fishery USA INC,BAY  1&2 7194 Oakland Mills RD,Columbla,MD,21046,410-381-6427,410-381-6401
215,CAPITAL FOOD,1320 5TH Street NE,Washington,DC,20002,301-646-2422,202-547-1618
216,Barun Foods,7398-G Ward Park Lane,Springfield,VA,22153,703-537-6493,703-938-1508
217,Wara Wara,7220-c Columbia Plke,Annandale,VA,22003,703-256-5229,None
218,Annandale 떡집,4221 Annandale Center Dr,Annandale,VA,22003,703-354-4989,703-354-4989
219,M.K Seafood INC,7123 Rolling Bend RD #C,Maltimore,MD,21244,410-320-6956,443-200-3874
220,Lotte Plaza Chantilly,13995 Metrotech,Chantilly,VA,20151,703-488-6600,703-488-6700
221,SBC   Food,None,None,MD,None,202-529-6660,202-529-6661
222,Super Best Way,13600 Laurel Bowlb Rd,Laurel,MD,20708,301-362-6672,301-362-5579
223,Hahm Ji Park   함지박,13860-B Braddock Rd,Centreville,VA,20121,703-266-6681,None
224,Zahed Khan,1815 Martin Luther King Pkwy # 2-107,Durham,NC,277707,919-886-7115,919-869-1917
225,Baden Baden Bar Restaurant,7358 Little River Tnpk,Annandale,VA,22003,703-256-6777,None
226,K.H. Farm,864 E.G. Miles Parkway,Hinesville,GA,31313,921-876-6783,921-876-6783
227,CULMORE  SUPERMARKET,6019 Leeburg Pike,Falls Church,VA,2204-1,703-578-6806,None
228,Stan Reworls #510,6335 Mechanicsvillo Tumpike,Mechanicsvillo,VA,23111,804730-6832,804-730-6385
229,대미종합식품,서울시 중랑구 상봉동 81-5,한일 써너스빌,KR,1514호,02-496-6969,02-491-5112
230,Grand Mart  Gaithersburg,221 Muddy Bra00000000000000000000000000nch RD,Grithersburg,MD,20878,301-527-6989,301-527-6965
231,Nak Won Rice Cake,7315 Litte Rive Tnpk,Annandale,VA,22003,703-354-9255,None
232,Miss Park Chantley,None,None,VA,None,None,None
233,임소정 종합보험,3251 Old Lee Hwy # 505A,Fairfax,VA,22030,703-385-7115,703-385-7112
234,Rafiord Forms,None,None,NC,None,919-222-7186,919-658-3656
235,Seven Market,7812 Lee Hwy,Falls Church,VA,22042,703-927-2225,303-204-9114
236,Wellington Market,9901 Wellington Rd,Manassas,VA,20110,703-330-7256,703-330-7257
237,HONARO FOOD,13818 Broddock RD,Centroville,VA,20121,703-543-7288,703-543-7289
238,WooLae Oka Restaurand,8240 Leesburg Pike,Vienna,VA,22182,703-827-7300,None
239,FIESTA SUPER MARKET,104 olde greenwich dr,Fredericksburg,VA,22408,703 919 7461,None
240,"Big Valley Produce,INC",1308 5TH Street NE,Washington,DC,20002,202-544-7500,202-544-5477
241,LA Grand-E,5821 Riverdale Rd,Riverdale,MD,20737,301-699-7508,301-699-7509
242,Sorak Garden,4308 Backlick Rd,Annandale,VA,22003,703-916-7600,None
243,UP  Towner Cafe DC (2),3307 14th Street NW,Washington,DC,20010,703-909-7667,None
244,yama Japanese  야마 일식,328 Maple Ave W,Vienne,VA,22180,703-242-7703,None
245,Seoul Trading,360 South Van Brunt ST,Engiewood,NU,7631,201-567-7780,201-567-7781
246,Da Rea Won,5013Garrett Ave,Beltsville,MD,20705,301-931-7878,None
247,Grand Mart  VB,649 Newtown RD #105,Virginia Beach,VA,23465,757-490-7901,None
248,AV Thomas Produce INC,P .O. Box 286,Livingston,CA,95334 USA,800-433-7997,800-433-7997
249,Coastal Sunbelt Produce Company,8704 Bollman Palce,Savage,MD,20763,410-799-8000,410-799-8000
250,Choong Hewa Woon,4409 John Marr Drive,Annandale,VA,22003,703-256-8006,None
251,kang's Markt,7327 Richmond Hwy,Alex,VA,22306,703-768-0088,None
252,Sahm Oh Jong  Restaurant,7048  Spring Garand Dr,Springfiled,VA,22150,703-451-8030,None
253,Utopia Produce INC,18 Green Point Avenue,Brooklyn,NY,11222,718-389-8898,718-389-8896
254,"Southen Bay Seafood, Inc",1700 E Pioneer Pkwy Suite #100,Arlington,TX,76010,817-261-8190,8172758306
255,Tian Chinese Cuisine,8801 Baitimore Nat'l Pike,Ellicott City,MD,21043,410-418-8198,410-733-1295
256,Wachovia Nortgage Mailcode T425-021,4101 Wiseman Blvd,San Anto  nio,TX,78251-4200,1-850-478-2066,1-850-478-5810
257,SUDANO'S Produce LLC,Building B Units 69-71 7480 COnowingo Avenuc,Jessup,MD,20794,410-799-8224,410-799-9554
258,Zahra Gas,"12000 Government Center Pkwy, Suite 261",Fairfax,VA,22035,703-222-8234,703-324-3505
259,Seoul House Restaurant,11272 James Swart Circle,Fairfax,VA,22030,703-934-8250,None
260,A-One,411 Morst ST NE,Washington,DC,20002,703-338-8281,703-338-8281
261,Food Way  Tony,7460 Conowing Ave Building B #21,Jessup,MD,20794,571-431-8284,None
262,Golden Eagle Trading,7535 Litte River Turnpike Suite 103A,Annandale,VA,22003,703-504-8303,703-995-4507
263,SHCP,2000 Washington Blv,Baltimore,MD,21230,410-962-8333,None
264,Victory Packaging,1353-A Charwood Road,Hanover,MD,21076,800-790-8457,800-798-0942
265,Riverdale Liquor Store,5821 Riverdale Rd,Riverdale,MD,20737,301-864-8480,None
266,장어시 광어동,7123 Columbia Pike,Annandale,VA,22003,703-642-8549,None
267,Do Woon,6005 Centreville Crest Lane,Fairfax,VA,20121,703-543-8618,None
268,Mandu Rang Kimbob Erang,7217 Columbia Pike,Annandale,VA,22003,703-642-8668,703-989-5110
269,Eagle Fruit Traders,Presidential Park. Suite 108 314 Main ST,WilMingTon,MA,1887,978-657-8747,978-657-0282
270,GRAND VILLAGE,5111 Westfields Blvd,Centreville,VA,20120,703-888-7680,None
271,Jenny's Deli,7630 Litte River Tnpk,Annandale,VA,22003,703-568-8006,703-658-2030
272,J&L Oriental food Mart,3109 Bramblton  Ave,Roamore,VA,24018,540-774-8878,540-774-8874
273,Yamazoto Japanese Restaurant,6303 Little Rive Tnpk,Alexandria,VA,22312,703-914-8877,None
274,M S Grand,4800 Walden Lane,Lanham,MD,20706,301-429-8882,301-429-8869
275,Pyung Lae Oak,6023 Centreville Crest Ln,Centreville,VA,20121,703-815-8885,None
276,Lotte Palza Virginia,3250 Old Lee Hwy,Fairfax,VA,22030,703-352-8989,703-352-8989
277,Rhee Bros Inc,9505 Berger Road,Columbla,MD,21046,410-318-9000,410-799-6656
278,Global Food lll. INC    Ashburn,43761 Parkhurst Plaza,Ashburn,VA,20147,703-729-9005,703-729-9010
279,COSMOS FARM,170 Wading River Rd,Manorville,NY,11949,516-874-9007,516-874-9007
280,Grand Village Baltimore,6901-14 Security Blvd,Baltimore,MD,21244,410-265-9020,410-265-9024
281,Breeze Bakery,4125 Hummer RD,Annandale,VA,22003,703-462-9093,703-462-9413
282,Bal Brokerage Servic,3122 Panama-Stedman Rd,Ashville,NY,14710,716-789-9098,716-789-4246
283,"M,G. Produce",101 S Mission RD,LOS Angeles,CA,90033,323-261-9100,323-261-9101
284,TIKAL FOOD,2420 Schuster DR,Hyattsvlle,MD,20781,301-219-9152,301-213-7558
285,Dollart Train,6035 leesburg pike baileycrossroads. va 22041,fallschurch,VA,22041,703 577.9204,None
286,Nak Won Restaurant,7315 Little River Tnpk,Annandale,VA,22003,703-354-9255,None
287,pelace Restaurant,7131 Little River Tnpk,Annandale,VA,22003,703-256-9292,703-618-0699
288,SuperQmart -- Manassas,9946 Liberia Ave,Manassas,VA,20110,703-365-9312,None
289,Jang Won Banjum,13818 Braddock Rd,Centreville,VA,20121,571-223-9370,None
290,Holly Produce,2221 Berlin Street,Baltimore,MD,21230,1-800-342-9464,410-272-5805
291,Food Valu,7927 Ritchie highway,Glen burnie,MD,21061,443-838-9490,410-761-0709
292,"Deoudes-Magafan Realty,INC",7910 Woodmont AVE Suite410,Bethesda,MD,20184,301-986-9500,301-656-2733
293,Lotte Plaza Ellicott city,8801 Baltimore National Pike,Ellicott City,MD,21043,410-750-9656,410-750-7745
294,NO.1 Food Service,124 Florida  Ave,Washington,DC,20002,703-462-3891,703-261-6988
295,Sushico,1680 Cristal Square Arcade,Arlington,VA,22202,571-748-9767,571-297-6527
296,Arizona Mixers,19 Kipper Street,Rio Rico,AZ,85648,520-377-9777,520-377-2700
297,Grand Mart  Germantown,12851 Clopper Dr,Germantown,MD,20874,301-528-9800,301-528-9804
298,"Amerihua Produce, INC",103 N. 13th Street,Brooklyn,NY,11211,718-388-9886,718-388-9881
299,US Rainbow Bag CORP,56-4 55TH Ave,maspeth,NY,11378,301-429-8882,301-773-3026
300,Uncie's Farm,13633 Wanwick Blvd,Nuwport News,VA,23602,540-660-9933,None
301,Arizona Import INC,4216 Evergreen Lane Suite 121,Annandale,VA,22003,703-655-9953,240-550-5267
302,DANNY,534 DEFENSE HWY,ANNAPOLIS,MD,21401,443 691 9957,None
303,Global Food Manassas,10320 Festival Lane,Manassas,VA,20109,703-369-9977,703-393-0029
304,Christopher Ranch LLC,305 Bloomfield Avenue,Gilroy,CA,95020,408-874-1100,408874
305,United Central Bank,7140 Little River Turnpike,Annandale,VA,22003,703-354-8822,703-354-2288
